joint,values,hostplant_spp,psyllid_spp,signif
Weinmannia_racemosa-Atmetocranium_myersi,28.589113898124197,Weinmannia_racemosa,Atmetocranium_myersi,0
Hakea_acicularis-Acizzia_hakeae,26.656205068024974,Hakea_acicularis,Acizzia_hakeae,0
Grevillea_sp-Acizzia_hakeae,26.656205068024974,Grevillea_sp,Acizzia_hakeae,0
Acacia_sp-Acizzia_jucunda,21.356988376142112,Acacia_sp,Acizzia_jucunda,0
Acacia_baileyana-Acizzia_errabunda,23.03305107645201,Acacia_baileyana,Acizzia_errabunda,0
Acacia_sp-Acizzia_uncatoides,20.214526950845425,Acacia_sp,Acizzia_uncatoides,0
Dodonaea_viscosa-Acizzia_dodonaeae,21.128904654906364,Dodonaea_viscosa,Acizzia_dodonaeae,0
Acacia_melanoxylon-Acizzia_acaciae,15.650428330063392,Acacia_melanoxylon,Acizzia_acaciae,1
Acacia_baileyana-Acizzia_acaciaebaileyanae,19.30620290635943,Acacia_baileyana,Acizzia_acaciaebaileyanae,1
Acacia_sp-Acizzia_albizziae,21.772698665842654,Acacia_sp,Acizzia_albizziae,0
Solanum_tuberosum-Acizzia_solanicola,28.542182323520137,Solanum_tuberosum,Acizzia_solanicola,0
Cytisus_scoparius-Arytainilla_spartiophila,14.867520427446038,Cytisus_scoparius,Arytainilla_spartiophila,1
Alnus_glutinosa-Baeopelma_foersteri,17.243740357092747,Alnus_glutinosa,Baeopelma_foersteri,1
Sophora_microphylla-Psylla_frodobagginsi,13.39983898837238,Sophora_microphylla,Psylla_frodobagginsi,1
Sophora_microphylla-Psylla_apicalis,13.399838988372267,Sophora_microphylla,Psylla_apicalis,1
Carmichaelia_sp-Psylla_carmichaeliae_A,14.1014336587441,Carmichaelia_sp,Psylla_carmichaeliae_A,1
Carmichaelia_sp-Psylla_carmichaeliae_C,14.101433658743872,Carmichaelia_sp,Psylla_carmichaeliae_C,1
Carmichaelia_petri-Psylla_carmichaeliae_E,14.515751631592707,Carmichaelia_petri,Psylla_carmichaeliae_E,1
Solanum_tuberosum-Bactericera_cockerelli,22.546088371989526,Solanum_tuberosum,Bactericera_cockerelli,0
Casuarina_sp-Casuarinicola_australis,24.77164237156876,Casuarina_sp,Casuarinicola_australis,0
Syzygium_smithii-Trioza_adventicia,22.09983510916902,Syzygium_smithii,Trioza_adventicia,0
Metrosideros_robusta-Trioza_curta,22.099835109168907,Metrosideros_robusta,Trioza_curta,0
Olearia_ilicifolia-Powellia_BRENDA_MAY,11.41237970519046,Olearia_ilicifolia,Powellia_BRENDA_MAY,1
Olearia_sp-Powellia_BRENDA_MAY,18.654815250529396,Olearia_sp,Powellia_BRENDA_MAY,1
Olearia_ilicifolia-Powellia_doryphora,12.644643582564697,Olearia_ilicifolia,Powellia_doryphora,1
Olearia_avicenniifolia-Powellia_subacuta,10.693519126155252,Olearia_avicenniifolia,Powellia_subacuta,1
Olearia_avicenniifolia-Powellia_subvexa,14.166698912294919,Olearia_avicenniifolia,Powellia_subvexa,1
Olearia-Powellia_subvexa,14.21769914699064,Olearia,Powellia_subvexa,1
Brachyglottis_repanda-Powellia_OMAHUTA,15.761972626140846,Brachyglottis_repanda,Powellia_OMAHUTA,1
Metrosideros_umbellata-Powellia_OMAHUTA,31.025003709174143,Metrosideros_umbellata,Powellia_OMAHUTA,0
Olearia_arborescens-Powellia_sp_B,11.607172503854656,Olearia_arborescens,Powellia_sp_B,1
Olearia_rani_var_colorata-Powellia_compressa,14.737333630854778,Olearia_rani_var_colorata,Powellia_compressa,1
Olearia_rani-Powellia_compressa,14.737333630853868,Olearia_rani,Powellia_compressa,1
Olearia_fragmentissima-Powellia_bifida,20.9963955685987,Olearia_fragmentissima,Powellia_bifida,0
Dracophyllum_sp-Powellia_bifida,26.65388923649266,Dracophyllum_sp,Powellia_bifida,0
Fuchsia_excorticata-Powellia_bifida,32.642043419298716,Fuchsia_excorticata,Powellia_bifida,0
Pseudowintera_colorata-Powellia_bifida,37.123558534408176,Pseudowintera_colorata,Powellia_bifida,0
Olearia_virgata-Powellia_gourlayi,16.618710356500173,Olearia_virgata,Powellia_gourlayi,1
Ozothamnus_sp-Powellia_acuta,13.585666565077304,Ozothamnus_sp,Powellia_acuta,1
Ozothamnus_sp-Powellia_acuta_B,13.585666565077304,Ozothamnus_sp,Powellia_acuta_B,1
Dracophyllum_sp-Powellia_decurvata,17.804094767153174,Dracophyllum_sp,Powellia_decurvata,1
Halocarpus_sp-Powellia_colorata,35.209748061808114,Halocarpus_sp,Powellia_colorata,0
Halocarpus_sp-Powellia_dacrydii,35.209748061808114,Halocarpus_sp,Powellia_dacrydii,0
Hebe_sp-Powellia_obscura,20.301218901836933,Hebe_sp,Powellia_obscura,0
Elaeocarpus-Powellia_FORTROSE,23.55267587757328,Elaeocarpus,Powellia_FORTROSE,0
Aristotelia_fruticosa-Powellia_falcata,23.55267587757328,Aristotelia_fruticosa,Powellia_falcata,0
Discaria_toumatou-Powellia_discariae,28.029474213379444,Discaria_toumatou,Powellia_discariae,0
Coprosma_sp-Powellia_emarginata,16.14821135701004,Coprosma_sp,Powellia_emarginata,1
Hebe_sp-Powellia_hebicola,23.175302385502732,Hebe_sp,Powellia_hebicola,0
Pittosporum_divaricartum-Powellia_sp_A,13.480658469942341,Pittosporum_divaricartum,Powellia_sp_A,1
Pittosporum_crassifolius-Powellia_vitreoradiata,13.480658469942341,Pittosporum_crassifolius,Powellia_vitreoradiata,1
Olearia_virgata-Powellia_sp_D,20.664459042489057,Olearia_virgata,Powellia_sp_D,0
Muehlenbeckia_auxiliaris-Powellia_fasciata,18.8092169808408,Muehlenbeckia_auxiliaris,Powellia_fasciata,1
Muehlenbeckia_complexa-Powellia_fasciata,18.809216980840574,Muehlenbeckia_complexa,Powellia_fasciata,1
Pseudopanax_arboreus-Powellia_irregularis,12.556975617888838,Pseudopanax_arboreus,Powellia_irregularis,1
Fuchsia_excorticata-Powellia_irregularis,32.53905107950527,Fuchsia_excorticata,Powellia_irregularis,0
Pseudopanax_edgerlii-Powellia_sp_C,12.49745007800567,Pseudopanax_edgerlii,Powellia_sp_C,1
Pseudopanax_crassifolius-Powellia_panacis,12.136329164709764,Pseudopanax_crassifolius,Powellia_panacis,1
Olearia_odorata-Powellia_MASSEY,23.86964198811654,Olearia_odorata,Powellia_MASSEY,0
Olearia_sp-Powellia_MASSEY,14.86278684359877,Olearia_sp,Powellia_MASSEY,1
Plagianthus_sp-Powellia_PRICES_VALLEY,28.122671098946284,Plagianthus_sp,Powellia_PRICES_VALLEY,0
Casuarina_sp-Casuarinicola_sp,25.361884400294116,Casuarina_sp,Casuarinicola_sp,0
Schinus_molle-Calophya_schini,17.143040346082785,Schinus_molle,Calophya_schini,1
Fraxinus_excelsior-Psyllopsis_fraxini,18.69809353073356,Fraxinus_excelsior,Psyllopsis_fraxini,1
Fraxinus_excelsior-Psyllopsis_fraxinicola,18.69809353073356,Fraxinus_excelsior,Psyllopsis_fraxinicola,1
Ficus_macrophylla-Mycopsylla_fici,20.502505717316012,Ficus_macrophylla,Mycopsylla_fici,0
Eucalyptus_sp-Blastopsylla_occidentalis,21.428794156607182,Eucalyptus_sp,Blastopsylla_occidentalis,0
Eucalyptus_sp-Eucalyptolyma_maideni,21.428794156606955,Eucalyptus_sp,Eucalyptolyma_maideni,0
Eucalyptus_sp-Glycaspis_granulata,21.76665133482777,Eucalyptus_sp,Glycaspis_granulata,0
Kunzea_ericoides-Ctenarytaina_SHORT,16.266557268414886,Kunzea_ericoides,Ctenarytaina_SHORT,1
Leptospermum_scoparius-Ctenarytaina_pollicaris,13.3601119735672,Leptospermum_scoparius,Ctenarytaina_pollicaris,1
Leptospermum_scoparius-Ctenarytaina_sp_B,13.192808266888505,Leptospermum_scoparius,Ctenarytaina_sp_B,1
Fuchsia_excorticata-Ctenarytaina_sp_B,23.363306523049232,Fuchsia_excorticata,Ctenarytaina_sp_B,0
Kunzea_ericoides-Ctenarytaina_clavata_sp_A,9.646348449299069,Kunzea_ericoides,Ctenarytaina_clavata_sp_A,1
Kunzea_ericoides-Ctenarytaina_clavata_sp_B,9.646348449299012,Kunzea_ericoides,Ctenarytaina_clavata_sp_B,1
Olearia_paniculata-Ctenarytaina_sp_A,33.19155726563781,Olearia_paniculata,Ctenarytaina_sp_A,0
Fuchsia_excorticata-Ctenarytaina_fuchsia_A,12.485630237148598,Fuchsia_excorticata,Ctenarytaina_fuchsia_A,1
Fuchsia_excorticata-Ctenarytaina_fuchsia_B,12.485630237148712,Fuchsia_excorticata,Ctenarytaina_fuchsia_B,1
Eucalyptus_globulus-Ctenarytaina_eucalypti,9.944048197326424,Eucalyptus_globulus,Ctenarytaina_eucalypti,1
Eucalyptus_sp-Ctenarytaina_spatulata,18.60402695887251,Eucalyptus_sp,Ctenarytaina_spatulata,1
Eucalyptus_sp-Ctenarytaina_thysanura,18.604026958872282,Eucalyptus_sp,Ctenarytaina_thysanura,1
Lophostemon_confertus-Ctenarytaina_longicauda,9.851613676624709,Lophostemon_confertus,Ctenarytaina_longicauda,1
Eucalyptus_sp-Ctenarytaina_insularis,19.447152273985466,Eucalyptus_sp,Ctenarytaina_insularis,1
Olearia_odorata-Anomalopsylla_POLLEN_ISLAND,26.81252479593809,Olearia_odorata,Anomalopsylla_POLLEN_ISLAND,0
Olearia_paniculata-Anomalopsylla_insignita,30.372421184970335,Olearia_paniculata,Anomalopsylla_insignita,0
Plagianthus_sp-Anomalopsylla_insignita,28.12896703949582,Plagianthus_sp,Anomalopsylla_insignita,0
